,id,text,created_at
0,1495415872164229120,RT @LurahIstana: Jokowi sudah mengesahkan peraturan wajib BPJS yg akan diterapkan dalam segala aspek baik pengurusan surat surat dan perjua‚Ä¶,2022-02-20T15:11:42.000Z
1,1495415869673177090,RT @NabilaAr__: Kami para santri sangat tepat dlm memilih Bpk Erick Thohir sbg penerus Presiden Jokowi. Indonesia sangat membutuhkan pemimp‚Ä¶,2022-02-20T15:11:41.000Z
2,1495415863377539074,"RT @Sangkuriang5551: FOKUS KE JOKOWI!

Masalah bukan di Mentan, Mendikbud, Menag, Menhan, Menaker, Mendag . . Masalah ada pada Jokowi.

HAN‚Ä¶",2022-02-20T15:11:39.000Z
3,1495415855546798083,RT @jokowi: Srikandi-srikandi bulutangkis putri Indonesia mencetak sejarah dengan meraih gelar juara pada Kejuaraan Bulutangkis Asia Beregu‚Ä¶,2022-02-20T15:11:38.000Z
4,1495415849015930880,"RT @CasanovaX8X: LOMBOK #MandalikaCircuit
#JokowiBangunNusantara
@jokowi üáÆüá©
@Lemp3r
@AbidinBoryta 
@tnmuda
@nikilo2512
@caesar_emil
@RstmBc‚Ä¶",2022-02-20T15:11:36.000Z
5,1495415838991859713,"RT @geloraco: BPJS Kesehatan Jadi Syarat Jual Beli Tanah, PKB Curiga Ada Penyusup Jahat Sekitar Jokowi
https://t.co/uxY1Xqbs5g",2022-02-20T15:11:34.000Z
6,1495415827960516623,"RT @KangUtang04: #JokowiTheRealDictator 
#JokowiTheRealDictator 
@MatahariTimur17
@DHEASAROH
@SanusiUndins
@I205mdr____
@syeifm
@alhadi3670‚Ä¶",2022-02-20T15:11:31.000Z
7,1495415826912264194,RT @kompascom: Hasil 71 persen tersebut merupakan gabungan dari responden yang sangat puas sebanyak 20 persen dan cukup puas sebanyak 51 pe‚Ä¶,2022-02-20T15:11:31.000Z
8,1495415825309724675,RT @LurahIstana: Jokowi sudah mengesahkan peraturan wajib BPJS yg akan diterapkan dalam segala aspek baik pengurusan surat surat dan perjua‚Ä¶,2022-02-20T15:11:30.000Z
9,1495415817768300546,"RT @OposisiCerdas: Tidak Hanya Jual-beli Tanah, Jokowi Teken Aturan Urus STNK, SIM dan SKCK Wajib Pakai BPJS Kesehatan
https://t.co/wqn51pF‚Ä¶",2022-02-20T15:11:29.000Z
10,1495415816275505155,RT @CNNIndonesia: Survei Indikator: 70 Persen Warga Puas Kinerja Jokowi https://t.co/KJLB7Nrxxx,2022-02-20T15:11:28.000Z
11,1495415809883074560,RT @jokowi: Srikandi-srikandi bulutangkis putri Indonesia mencetak sejarah dengan meraih gelar juara pada Kejuaraan Bulutangkis Asia Beregu‚Ä¶,2022-02-20T15:11:27.000Z
12,1495415801628672002,"RT @KangUtang04: #JokowiTheRealDictator 
#JokowiTheRealDictator 
@P4sop4ti2323
@Di45_1228
@M394NMIC
@Cint4N
@7lRiv3rSid3
@teriwinarno1
@Ibn‚Ä¶",2022-02-20T15:11:25.000Z
13,1495415797149167616,@jokowi @DivHumas_Polri @ListyoSigitP @kemkominfo @mohmahfudmd @PolhukamRI Game higgs domino island itu merusak pemikiran generasi bangsa!.. JANGANLAH TUNGGU ORG byk komplain dan viral baru diblokir!. Bapak2  punya wewenang memblokirnya!...,2022-02-20T15:11:24.000Z
14,1495415786688880642,RT @jokowi: Srikandi-srikandi bulutangkis putri Indonesia mencetak sejarah dengan meraih gelar juara pada Kejuaraan Bulutangkis Asia Beregu‚Ä¶,2022-02-20T15:11:21.000Z
15,1495415774298578946,"RT @KangUtang04: #JokowiTheRealDictator 
#JokowiTheRealDictator 
@FR33D0ML4ND
@FreeStranger22
@InSrikandi_
@CintaNirmala2
@OdriSeva
@Sumant‚Ä¶",2022-02-20T15:11:18.000Z
16,1495415772742844418,"RT @geloraco: Tidak Hanya Jual-beli Tanah, Jokowi Teken Aturan Urus STNK, SIM dan SKCK Wajib Pakai BPJS Kesehatan
https://t.co/If0iICBLHN",2022-02-20T15:11:18.000Z
17,1495415730149359618,"judul humornya :

""70% puas. Berarti ada 30% tidak puas. Apakah pak @jokowi bisa menjawab keluhan 30% itu?""

#humorpublik
#WadasTolakTambang https://t.co/tTqenlj6vR",2022-02-20T15:11:08.000Z
19,1495415715368620034,@NurHamidan1 @jokowi Terimakasih sobat,2022-02-20T15:11:04.000Z
20,1495415711354671105,"RT @RonaldLampard8: Drun....
Survei Indikator: 70% Responden Puas Dengan Kinerja Presiden Jokowi üëè https://t.co/H3IkObbU9G",2022-02-20T15:11:03.000Z
22,1495415681491222528,RT @jokowi: Srikandi-srikandi bulutangkis putri Indonesia mencetak sejarah dengan meraih gelar juara pada Kejuaraan Bulutangkis Asia Beregu‚Ä¶,2022-02-20T15:10:56.000Z
23,1495415662185160705,"RT @mas_recruiter: Ini jawaban-tanggapan dari @BPJSTKinfo yang mase dapet dari grup HR di whatsapp..

Silahkan dibaca, hati¬≤ penjelasan dap‚Ä¶",2022-02-20T15:10:52.000Z
25,1495415624688095233,RT @jokowi: Srikandi-srikandi bulutangkis putri Indonesia mencetak sejarah dengan meraih gelar juara pada Kejuaraan Bulutangkis Asia Beregu‚Ä¶,2022-02-20T15:10:43.000Z
26,1495415616638910468,RT @LurahIstana: Jokowi sudah mengesahkan peraturan wajib BPJS yg akan diterapkan dalam segala aspek baik pengurusan surat surat dan perjua‚Ä¶,2022-02-20T15:10:41.000Z
28,1495415607327866883,"RT @abu_waras: Hanya terjadi di era Rezim Jokowi, rakyat antri minyak goreng sampai berjam-jam. Tapi dungunya masih ada yang teriak-teriak‚Ä¶",2022-02-20T15:10:38.000Z
29,1495415593495035904,RT @jokowi: Srikandi-srikandi bulutangkis putri Indonesia mencetak sejarah dengan meraih gelar juara pada Kejuaraan Bulutangkis Asia Beregu‚Ä¶,2022-02-20T15:10:35.000Z
30,1495415591712489474,RT @jokowi: Srikandi-srikandi bulutangkis putri Indonesia mencetak sejarah dengan meraih gelar juara pada Kejuaraan Bulutangkis Asia Beregu‚Ä¶,2022-02-20T15:10:35.000Z
31,1495415578751733761,@PamanlungPaman1 Ternyata berkat kerja keras bapak Jokowi EKONOMI KITA SEKARANG LAGI NYUNGSEP.......,2022-02-20T15:10:32.000Z
32,1495415568316329987,"RT @MAHENDRA_GNW: sudah paham knp saya tdk pernah suka Jokowi dari sejak Mega-08 membawanya ke DKI 2012 lalu ?

nikmati pilihanmu !",2022-02-20T15:10:29.000Z
33,1495415545553817605,"RT @ZonaBulutangkis: Eh baru cek tweet ini. Terima kasih Pak.

Pintaku masih sama seperti yg lalu, tolong bangun stadion olahraga dgn stand‚Ä¶",2022-02-20T15:10:24.000Z
34,1495415527702892552,"RT @abu_waras: Hanya terjadi di era Rezim Jokowi, rakyat antri minyak goreng sampai berjam-jam. Tapi dungunya masih ada yang teriak-teriak‚Ä¶",2022-02-20T15:10:19.000Z
35,1495415526507442176,RT @jokowi: Srikandi-srikandi bulutangkis putri Indonesia mencetak sejarah dengan meraih gelar juara pada Kejuaraan Bulutangkis Asia Beregu‚Ä¶,2022-02-20T15:10:19.000Z
36,1495415494974738436,RT @jokowi: Srikandi-srikandi bulutangkis putri Indonesia mencetak sejarah dengan meraih gelar juara pada Kejuaraan Bulutangkis Asia Beregu‚Ä¶,2022-02-20T15:10:12.000Z
37,1495415483264569345,"RT @MAHENDRA_GNW: sudah paham knp saya tdk pernah suka Jokowi dari sejak Mega-08 membawanya ke DKI 2012 lalu ?

nikmati pilihanmu !",2022-02-20T15:10:09.000Z
38,1495415478675599364,RT @jokowi: Srikandi-srikandi bulutangkis putri Indonesia mencetak sejarah dengan meraih gelar juara pada Kejuaraan Bulutangkis Asia Beregu‚Ä¶,2022-02-20T15:10:08.000Z
39,1495415474112598018,"RT @na_dirs: Pak @jokowi negara tidak boleh kalah dg mafia minyak goreng. 

Ironis, rakyat antri beli minyak goreng di saat Indonesia sudah‚Ä¶",2022-02-20T15:10:07.000Z
40,1495415469343657984,"RT @DonAdam68: Awal covid terjadi kelangkaan masker, lalu varian delta terjadi kelangkaan oksigen. Lha, pas varian omicron yg langka malah‚Ä¶",2022-02-20T15:10:06.000Z
41,1495415463144493060,RT @LurahIstana: Jokowi sudah mengesahkan peraturan wajib BPJS yg akan diterapkan dalam segala aspek baik pengurusan surat surat dan perjua‚Ä¶,2022-02-20T15:10:04.000Z
42,1495415445088014339,RT @jokowi: Srikandi-srikandi bulutangkis putri Indonesia mencetak sejarah dengan meraih gelar juara pada Kejuaraan Bulutangkis Asia Beregu‚Ä¶,2022-02-20T15:10:00.000Z
43,1495415439421485058,"RT @FirzaHusainID: Dukungan masyarakat dari beberapa daerah kpd Menteri BUMN Erick Thohir utk jadi Capres 2024 terus mengalir, kali ini dat‚Ä¶",2022-02-20T15:09:58.000Z
44,1495415413521674240,@CasanovaX8X @jokowi @Lemp3r @AbidinBoryta @tnmuda @nikilo2512 @caesar_emil @RstmBcl @Akun___Receh @Annas_Cim @Haddie_st @RickyKardjono @CryptoKuta @Just__Aya9 @july_77a @TrisiyoWong @newIding30 @Suwarno888 @WhitePole_ Makasih bang,2022-02-20T15:09:52.000Z
45,1495415412657307653,RT @jokowi: Srikandi-srikandi bulutangkis putri Indonesia mencetak sejarah dengan meraih gelar juara pada Kejuaraan Bulutangkis Asia Beregu‚Ä¶,2022-02-20T15:09:52.000Z
46,1495415411575115781,RT @jokowi: Srikandi-srikandi bulutangkis putri Indonesia mencetak sejarah dengan meraih gelar juara pada Kejuaraan Bulutangkis Asia Beregu‚Ä¶,2022-02-20T15:09:52.000Z
47,1495415408333307909,"RT @RonaldLampard8: Jafar Shodiq Ingin Gulingkan Jokowi, NTT &amp; Papua Buka Suara https://t.co/QEgjthq28D",2022-02-20T15:09:51.000Z
48,1495415406483623937,RT @LurahIstana: Jokowi sudah mengesahkan peraturan wajib BPJS yg akan diterapkan dalam segala aspek baik pengurusan surat surat dan perjua‚Ä¶,2022-02-20T15:09:51.000Z
49,1495415399642402817,"RT @geloraco: Pernah Disubsidi Triliunan Rupiah, 5 Konglomerat Sawit ini Dianggap Tidak Percaya Lagi ke Jokowi
https://t.co/9MPBcBasCw",2022-02-20T15:09:49.000Z
50,1495415393795842048,"RT @ChusnulCh__: Kalo memang tdk setuju dgn aturan baru JHT, silahkn dikritik aja, salahnya dimana, seharusnya bgmn, kalo belum apa2 sdh mi‚Ä¶",2022-02-20T15:09:48.000Z
51,1495415388410380297,"RT @CasanovaX8X: LOMBOK #MandalikaCircuit
#JokowiBangunNusantara
@jokowi üáÆüá©
@Lemp3r
@AbidinBoryta 
@tnmuda
@nikilo2512
@caesar_emil
@RstmBc‚Ä¶",2022-02-20T15:09:46.000Z
52,1495415379887521795,@Aphroadita banyak tanya lah kau ku aduin jokowi juga lama lama,2022-02-20T15:09:44.000Z
53,1495415341216038912,RT @jokowi: Srikandi-srikandi bulutangkis putri Indonesia mencetak sejarah dengan meraih gelar juara pada Kejuaraan Bulutangkis Asia Beregu‚Ä¶,2022-02-20T15:09:35.000Z
54,1495415335696371712,@jokowi Ini mah tugas menpora pak joko apa gak ad lagi tugas lain yg llebih penting yg butuh apresiasi dan attensi,2022-02-20T15:09:34.000Z
55,1495415326967689217,"RT @Urrangawak: Cek lokasi #IKN bareng Pak Bas, menteri era Jokowi yang di beri tugas bangun ibu kota NUSANTARA.

@KemenPU https://t.co/CLt‚Ä¶",2022-02-20T15:09:32.000Z
56,1495415326158168065,"Survei Median: Basis Pemilih Jokowi Berpendidikan Rendah

Klik untuk baca: https://t.co/CUU2eNxtGQ",2022-02-20T15:09:31.000Z
57,1495415309091864581,RT @08sarraah: Menteri BUMN @erickthohir menyebut BUMN dalam hal ini diminta oleh Presiden Joko Widodo (Jokowi) untuk mengintervensi menunt‚Ä¶,2022-02-20T15:09:27.000Z
58,1495415262908063750,RT @jokowi: Srikandi-srikandi bulutangkis putri Indonesia mencetak sejarah dengan meraih gelar juara pada Kejuaraan Bulutangkis Asia Beregu‚Ä¶,2022-02-20T15:09:16.000Z
59,1495415257623261187,RT @jokowi: Srikandi-srikandi bulutangkis putri Indonesia mencetak sejarah dengan meraih gelar juara pada Kejuaraan Bulutangkis Asia Beregu‚Ä¶,2022-02-20T15:09:15.000Z
60,1495415249024946176,RT @Abuyazid3: Pa @jokowi ga cape apa bohong terus? Pemeriksaan nya paling lama di akhirat kelak,2022-02-20T15:09:13.000Z
61,1495415241903017990,RT @CNNIndonesia: Survei Indikator: 70 Persen Warga Puas Kinerja Jokowi https://t.co/KJLB7Nrxxx,2022-02-20T15:09:11.000Z
62,1495415240384778244,RT @LurahIstana: Jokowi sudah mengesahkan peraturan wajib BPJS yg akan diterapkan dalam segala aspek baik pengurusan surat surat dan perjua‚Ä¶,2022-02-20T15:09:11.000Z
63,1495415228351221764,"LOMBOK #MandalikaCircuit
#JokowiBangunNusantara
@jokowi üáÆüá©
@Lemp3r
@AbidinBoryta 
@tnmuda
@nikilo2512
@caesar_emil
@RstmBcl
@Akun___Receh
@Annas_Cim
@Haddie_st
@RickyKardjono
@CryptoKuta
@Just__Aya9
@july_77a
@AntoniusCDN
@TrisiyoWong
@newIding30 
@Suwarno888 
@WhitePole_ https://t.co/EaPZetkHwm",2022-02-20T15:09:08.000Z
64,1495415201507966976,"RT @JAGA_NKRI_: Sebagian bangsa ini hanya bisa mencaci, memaki, menghina dan memfitnah serta merendahkan Presiden Jokowi.

Padahal medeka b‚Ä¶",2022-02-20T15:09:02.000Z
65,1495415195325599744,"RT @Rizmaya__: Mantap üëçüèª
Kerja keras Presiden @jokowi  sudah jelas akan mendapatkan umpan balik dari rakyat, kepuasan terhadap kinerja Pak‚Ä¶",2022-02-20T15:09:00.000Z
66,1495415192490225664,RT @jokowi: Srikandi-srikandi bulutangkis putri Indonesia mencetak sejarah dengan meraih gelar juara pada Kejuaraan Bulutangkis Asia Beregu‚Ä¶,2022-02-20T15:09:00.000Z
67,1495415174827692033,Virus bisa hilang di kala bulusukan jokowi warga kampung terbiasa gak. bermasker https://t.co/RugnF9fpYQ,2022-02-20T15:08:55.000Z
68,1495415169467695108,RT @jokowi: Srikandi-srikandi bulutangkis putri Indonesia mencetak sejarah dengan meraih gelar juara pada Kejuaraan Bulutangkis Asia Beregu‚Ä¶,2022-02-20T15:08:54.000Z
69,1495415155085422593,RT @jokowi: Srikandi-srikandi bulutangkis putri Indonesia mencetak sejarah dengan meraih gelar juara pada Kejuaraan Bulutangkis Asia Beregu‚Ä¶,2022-02-20T15:08:51.000Z
70,1495415147329769472,"Woyyy Pak @jokowi. Ente jangan diem bae. 

Pecat tuh Menakertrans &amp; Menperin!!! https://t.co/EuAj0ZBPI8",2022-02-20T15:08:49.000Z
71,1495415141516836870,RT @sirajapadoha: Koq Orang2 seperti di video ini bebas banget ya teriak2 di Negara ini yg mau mengganti ideologi Pancasila dgn sistem Khil‚Ä¶,2022-02-20T15:08:47.000Z
72,1495415119487987715,RT @CNNIndonesia: Survei Indikator: 70 Persen Warga Puas Kinerja Jokowi https://t.co/KJLB7Nrxxx,2022-02-20T15:08:42.000Z
73,1495415109338136576,RT @LurahIstana: Jokowi sudah mengesahkan peraturan wajib BPJS yg akan diterapkan dalam segala aspek baik pengurusan surat surat dan perjua‚Ä¶,2022-02-20T15:08:40.000Z
75,1495415095819923457,RT @LurahIstana: Jokowi sudah mengesahkan peraturan wajib BPJS yg akan diterapkan dalam segala aspek baik pengurusan surat surat dan perjua‚Ä¶,2022-02-20T15:08:36.000Z
76,1495415067948752897,"RT @geloraco: Tidak Hanya Jual-beli Tanah, Jokowi Teken Aturan Urus STNK, SIM dan SKCK Wajib Pakai BPJS Kesehatan
https://t.co/If0iICBLHN",2022-02-20T15:08:30.000Z
77,1495415061313355776,"RT @WagimanDeep212_: Jadi presiden indonesia saja pak!..

https://t.co/UQIT0nggjP",2022-02-20T15:08:28.000Z
78,1495415047488630791,RT @LurahIstana: Jokowi sudah mengesahkan peraturan wajib BPJS yg akan diterapkan dalam segala aspek baik pengurusan surat surat dan perjua‚Ä¶,2022-02-20T15:08:25.000Z
79,1495415044112535553,"RT @SyaikhuMochtar: Benar dugaan slm ini, jk dana JHT sdh hbs dipinjam pemerintah buat nomboki APBN. Makanya Menaker bikin aturan 56th sesu‚Ä¶",2022-02-20T15:08:24.000Z
80,1495415006166654985,@SetiaAdy_p @Hilmi28 @jokowi @ganjarpranowo @PDI_Perjuangan Udah daftar BPJS belum gan.?,2022-02-20T15:08:15.000Z
81,1495414997081489410,RT @SuperOne1984: Rakyat ngantri... Apa gak sukses nih @jokowi menyengsarakan rakyat?,2022-02-20T15:08:13.000Z
82,1495414988072120327,"@jokowi Pundi - Pundi Rupiah dalam Proyek yang amburadul dan KPK RI cuma duduk manis di Jakarta, saat uang Negara di makan habis oknum - oknum nakal yang bermain proyek, dimana proyek terus menerus dan masuk dalam luncuran, BPK RI adem - adem saja,malah kasih WTP
https://t.co/Tvr5XaRU1h",2022-02-20T15:08:11.000Z
83,1495414963699027971,"@jokowi @DivHumas_Polri @ListyoSigitP @kemkominfo @mohmahfudmd @PolhukamRI @kemkominfo HIGSS DOMINO ISLAND ITU JUDI dan PENIPUAN. Tolong ditinjau ulang. Sdh byk korban. Anda semua diberikan kesempatan oleh Allah menjadi penyelenggara negara, dan punya wewenang menghentikannya!.",2022-02-20T15:08:05.000Z
84,1495414949568745473,RT @jokowi: Srikandi-srikandi bulutangkis putri Indonesia mencetak sejarah dengan meraih gelar juara pada Kejuaraan Bulutangkis Asia Beregu‚Ä¶,2022-02-20T15:08:02.000Z
85,1495414943759605763,"Mantap üëçüèª
Kerja keras Presiden @jokowi  sudah jelas akan mendapatkan umpan balik dari rakyat, kepuasan terhadap kinerja Pak Jokowi terus meningkat. üëèüèª

Jokowi semakin di depan.
Para pembenci semakin kedodoran. 

https://t.co/EtJp8nOpHm https://t.co/FMB4i2zUT7",2022-02-20T15:08:00.000Z
86,1495414936696016904,"@jokowi Semoga dari pemerintahnya lebih perhatian ke cabor badminton, secara cabor paling sering mengharumkan nama Indonesia",2022-02-20T15:07:59.000Z
87,1495414930555629570,"@jokowi Pundi - Pundi Rupiah dalam Proyek yang amburadul dan KPK RI cuma duduk manis di Jakarta, saat uang Negara di makan habis oknum - oknum nakal yang bermain proyek, dimana proyek terus menerus dan masuk dalam luncuran, BPK RI adem - adem saja,malah kasih WTP
https://t.co/Tvr5XaRU1h",2022-02-20T15:07:57.000Z
88,1495414912260083713,RT @jokowi: Srikandi-srikandi bulutangkis putri Indonesia mencetak sejarah dengan meraih gelar juara pada Kejuaraan Bulutangkis Asia Beregu‚Ä¶,2022-02-20T15:07:53.000Z
90,1495414894643986439,RT @detikcom: Jokowi mewajibkan kartu peserta BPJS Kesehatan sebagai syarat untuk mendapatkan beberapa pelayanan publik. Ini aturannya:  ht‚Ä¶,2022-02-20T15:07:49.000Z
91,1495414882120122368,"RT @abu_beniamin: ERA JOKOWI, PEMBANGUNAN INDONESIA MAKIN MERATA... https://t.co/rU3qDbCiLO",2022-02-20T15:07:46.000Z
92,1495414854881927170,"@Pembasmirasis @Hilmi28 @jokowi @ganjarpranowo @PDI_Perjuangan 2,3,4.....bnyk bngt cebong diseluruh Indonesia. Lbh bnyk dr kadal.üëçü§™",2022-02-20T15:07:39.000Z
93,1495414847605190658,RT @jokowi: Srikandi-srikandi bulutangkis putri Indonesia mencetak sejarah dengan meraih gelar juara pada Kejuaraan Bulutangkis Asia Beregu‚Ä¶,2022-02-20T15:07:37.000Z
94,1495414826784354310,"RT @LurahIstana: Malam ini sampai pukul 21.13 jokowi memanggil beberapa menteri diantaranya menaker,menkominfo,menkopolhukam  dan kepala bi‚Ä¶",2022-02-20T15:07:32.000Z
95,1495414820367380481,"Eh baru cek tweet ini. Terima kasih Pak.

Pintaku masih sama seperti yg lalu, tolong bangun stadion olahraga dgn standar internasional dan tersebar banyak di daerah2. Khususon stadium badminton biar gak cuma Istora aja. 

Makasih Pak

Cc Pak @KEMENPORA_RI https://t.co/bdAaonlOYp",2022-02-20T15:07:31.000Z
96,1495414815099002880,RT @jokowi: Srikandi-srikandi bulutangkis putri Indonesia mencetak sejarah dengan meraih gelar juara pada Kejuaraan Bulutangkis Asia Beregu‚Ä¶,2022-02-20T15:07:30.000Z
97,1495414813467365380,"RT @cybsquad_: Jaminan hari tua BPJS baru bisa cair di usia 56 tahun 

Tenang.. pengangguran digaji kata pakde @jokowi https://t.co/Ke8mxFK‚Ä¶",2022-02-20T15:07:29.000Z
99,1495414811878113281,"RT @dancersejati1: BuzzerRp itu pendukung palsu buatan pemerintahan Jokowi. 

Luhut dan Jokowi itu lemah, gak mengakar. 

JK: Baru Bertanya‚Ä¶",2022-02-20T15:07:29.000Z
0,1496150449145135120,@GariiMitchell @lukmanpohan08 @dj_pang @ridwankamil kasian padahal masa pak jokowi ya,2022-02-22T15:50:38.000Z
1,1496150442396778500,"Saran #SoeDADANG buat Mas @jokowi atasi kelangkaan #MinyakGoreng Surat Yusuf Ayat 48:
""Kemudian setelah itu akan datang tujuh (tahun) yg sangat sulit, yang menghabiskan apa yang kamu simpan untuk menghadapinya (tahun sulit), kecuali sedikit dari apa (bibit gandum) yg kamu simpan""",2022-02-22T15:50:37.000Z
2,1496150433022513153,"RT @knpiharis: Mereka di bayar untuk melakukan penganiayaan yang mengakibatkan diri saya hampir saja kehilangan nyawa, tolong pak @jokowi d‚Ä¶",2022-02-22T15:50:35.000Z
3,1496150393155637251,"RT @Rizmaya__: Kadrun gagal maning dengan Framing Rezim Jokowi otoriter, menggiring opini untuk menyudutkan pemerintah.

Kasiahn kalian dru‚Ä¶",2022-02-22T15:50:25.000Z
4,1496150393134653442,"@demokrasicoid Raja Singa kali jok...
#copas
Jokowi Ingin Indonesia Jadi Raja Produsen Kendaraan Listrik https://t.co/Bcy0lgrADV",2022-02-22T15:50:25.000Z
5,1496150383156150287,"RT @knpiharis: Mereka di bayar untuk melakukan penganiayaan yang mengakibatkan diri saya hampir saja kehilangan nyawa, tolong pak @jokowi d‚Ä¶",2022-02-22T15:50:23.000Z
6,1496150382719946755,RT @rhymeskora: @vvotanet Momen paling bersejarah ketika akun twitter jokowi ngetwit tentang senbatsu uzza,2022-02-22T15:50:23.000Z
8,1496150355868286976,"RT @jokowi: Ibu Kota Nusantara kelak akan menggagas konsep Smart Forest City dengan 70 persen kawasannya berupa area hijau. 

Pengelolaan t‚Ä¶",2022-02-22T15:50:16.000Z
9,1496150349820076032,@paimo_van @anticebong2021 @QalbuBahasa @Dimas__seno @engkuk_manuk @JafYaya2150 @Djayeng_seno @ZaDevana @julid_aja @veraagustian_ @TenriSau_ @AntonKu62463911 @YudiSet16452924 @KadrunGoblokPea @2020_STMJ @Uplu7 @DoankWarto @korekbiasa @AKamas0911 @MahbubGhani @AsliArmed @cagubnyinyir2 @herilatief @semiaji_w @SoffiAgus @NogoSosroAsli @panjianom102 @SalamBudi1 @kakekharam @papa_loren @RajaSuspend_ @Vv3Yz @El70004 @ChomZdelaRoCa @Tonyoo13 @Yonesman2 @Ladede3 @Mukidi_alNgibul @Iyoet___Asriie @MCAOps @antonah61851221 @jhon_gudel @LDyantomy @maspiyuaja @Megatop99 Kok si jokowi ga pernah reuni atau pamer temen masa kuliah,2022-02-22T15:50:15.000Z
10,1496150347773095944,"RT @RamliRizal: Soeharto pilih mentri2 profesional sesuaikan. Gus Dur pilih mentri, klo tidak berprestasi  tidak ragu2 ganti. Jokowi pilih‚Ä¶",2022-02-22T15:50:14.000Z
12,1496150320153772032,RT @GojekOnTwitt: Peluncuran ekosistem kendaraan listrik kerjasama antara @pertamina beserta kementerian BUMN dengan @gojekindonesia yang d‚Ä¶,2022-02-22T15:50:08.000Z
13,1496150314285768707,"@MardaniAliSera Mar, kl orang2 @PKSejahtera jelas tdk akan mampu. Kalian bagian dari rezim mangkrak. Jgn ngukurnya dr kemampuan kalian. Kumpulan orang2 pesimis. Pakde @jokowi dan tim adlh orang2 yg luar biasa. Yg sdh banyak membangun. Sebaiknya anda pikirkan saja Formula E. Jgn smpe mangkrak.",2022-02-22T15:50:06.000Z
14,1496150305666392072,RT @cintaNKRIsejati: Wow keren...Himbara catat kinerja cemerlang di sepanjang th 2021. Total raup keuntungan 72T lbh! Di tangan pak @erickt‚Ä¶,2022-02-22T15:50:04.000Z
15,1496150299412922368,"RT @OposisiCerdas: Haris Pertama: Pak Jokowi, Pak Kapolri Tolong Buka ke Publik Siapa yang Ingin Habisi Saya
https://t.co/6u8jejqcUg",2022-02-22T15:50:03.000Z
16,1496150288088301571,@jokowi Yg jelas...menko Marvel's pak Jokowi pemimpin IKN,2022-02-22T15:50:00.000Z
17,1496150285320089609,"RT @knpiharis: Mereka di bayar untuk melakukan penganiayaan yang mengakibatkan diri saya hampir saja kehilangan nyawa, tolong pak @jokowi d‚Ä¶",2022-02-22T15:49:59.000Z
18,1496150281423368202,"@Sunset___17 https://t.co/5AGvMUGMg8 Tolongüôèbantu share&amp;Ret Agar TDK ada lagi korban:
PD saat Mengisi Data,Agenct @AXAIndonesia Menawarkan Tabungan jangka panjang:
Setelah 6thn saya bayar Premi,uang saya HILANG 70% Tolong saya PK @jokowi @KPK_RI @ojkindonesia @ListyoSigitP @PKSejahtera",2022-02-22T15:49:58.000Z
19,1496150274268106759,"RT @Sangkuriang5551: JOKOWI PUNYA ANDIL BESAR DALAM KEBANGKITAN NEO PKI DENGAN MEMBERI JABATAN2 VITAL BAGI PENDUKUNG PKI.

Misal Iman Broto‚Ä¶",2022-02-22T15:49:57.000Z
20,1496150273219526658,"@Catatan_ali7 @jokowi Dia orientasinya dunia terus. Makanya segala ibadah dia kaitkan dg imbalan dunia.
Aku srg mikir apa org2 itu terintimidasi shg nyumbang dg ucapan2 dia. Krn didepan umum.",2022-02-22T15:49:56.000Z
21,1496150265787187201,"RT @RamliRizal: Soeharto pilih mentri2 profesional sesuaikan. Gus Dur pilih mentri, klo tidak berprestasi  tidak ragu2 ganti. Jokowi pilih‚Ä¶",2022-02-22T15:49:55.000Z
22,1496150261970386946,@YusufNusantara1 @kangenband123 @knpiharis @jokowi @ListyoSigitP Kata dunia üòÇüòÇüòÇ,2022-02-22T15:49:54.000Z
23,1496150233788694531,RT @CNNIndonesia: Menaker usai Dipanggil Jokowi soal JHT: Aturan Akan Direvisi https://t.co/jqLGHSKv0w,2022-02-22T15:49:47.000Z
24,1496150230995283971,"@VIVAcoid https://t.co/5AGvMUGMg8 Tolongüôèbantu share&amp;Ret Agar TDK ada lagi korban:
PD saat Mengisi Data,Agenct @AXAIndonesia Menawarkan Tabungan jangka panjang:
Setelah 6thn saya bayar Premi,uang saya HILANG 70% Tolong saya PK @jokowi @KPK_RI @ojkindonesia @ListyoSigitP @PKSejahtera",2022-02-22T15:49:46.000Z
25,1496150227786801156,"RT @UyokBack: Jokowi minta aturan JHT direvisi.
Itu Jokower yg sudah berbusa2 belain JHT sampai bikin hestek segala, apa gak berasa dijejel‚Ä¶",2022-02-22T15:49:46.000Z
26,1496150217703714816,"RT @And_Hongg: Suara anak-anak Kuasi Paroki Lowobangga, Welamosa, 
Kec. WEWARIA
KAB. ENDE - PROV. NTT.

YTH Pak Presiden @jokowi mohon aten‚Ä¶",2022-02-22T15:49:43.000Z
27,1496150204793638913,"RT @OposisiCerdas: 5 Fakta Brigjen Junior Tumilaar Ditahan: Kirim Surat Terbuka untuk Jokowi usai Bela Babinsa hingga Ditahan
https://t.co/‚Ä¶",2022-02-22T15:49:40.000Z
28,1496150202847277059,RT @KawanBaikKomodo: Presiden @Jokowi dikritik karena proyek alihfungsi  400 hektar hutan di puncak kota Labuan Bajo Flores untuk dijadikan‚Ä¶,2022-02-22T15:49:40.000Z
29,1496150197868834818,"RT @knpiharis: Mereka di bayar untuk melakukan penganiayaan yang mengakibatkan diri saya hampir saja kehilangan nyawa, tolong pak @jokowi d‚Ä¶",2022-02-22T15:49:38.000Z
30,1496150193628196869,"@Sunset___17 https://t.co/5AGvMUGMg8 Tolongüôèbantu share&amp;Ret Agar TDK ada lagi korban:
PD saat Mengisi Data,Agenct @AXAIndonesia Menawarkan Tabungan jangka panjang:
Setelah 6thn saya bayar Premi,uang saya HILANG 70% Tolong saya PK @jokowi @KPK_RI @ojkindonesia @ListyoSigitP @PKSejahtera",2022-02-22T15:49:37.000Z
31,1496150126142042112,"@prio_atmo @safiisusanti @jokowi Dari pada otakmu bisanya cuma mbacot gitu doang,, kalo otak kurang vitamin gak usah ikutan koment !!",2022-02-22T15:49:21.000Z
32,1496150125277810695,"RT @_riverheaven: @And_Hongg @_antaresh29 @jokowi Inshaa Allah ditindaklanjuti
Pak @jokowi",2022-02-22T15:49:21.000Z
33,1496150124212412421,"RT @OposisiCerdas: 5 Fakta Brigjen Junior Tumilaar Ditahan: Kirim Surat Terbuka untuk Jokowi usai Bela Babinsa hingga Ditahan
https://t.co/‚Ä¶",2022-02-22T15:49:21.000Z
34,1496150118588125184,@AdiBholang @jokowi ada uang baru adilüñêÔ∏è,2022-02-22T15:49:20.000Z
35,1496150116461387787,"RT @Markonah_003: Menaker : JHT cair umur 56.
Cebong : horee!!!!

Jokowi : Minta Menaker revisi kebijakan JHT.
Cebong : Horee!!

Tim hore üòÑ",2022-02-22T15:49:19.000Z
36,1496150101437607936,"RT @UyokBack: Buruh protes aturan JHT, dibully..
Jokowi minta revisi aturan JHT, dipuji..

Wer.. Jokower... 
Goblokmu benar2 terkutuk.. :-)",2022-02-22T15:49:15.000Z
38,1496150091274797058,"Para pengemudi ojek dan taksi online adalah orang-orang yang berani menembus batas, berani keluar dari zona-zona nyaman, dan berani keluar dari tradisi dan menjadi pelopor model pekerjaan baru. #BersamaJokowi #IndonesiaMaju https://t.co/vfCXOwNCjv",2022-02-22T15:49:13.000Z
39,1496150090675015682,"RT @jokowi: Kolaborasi Pengembangan Ekosistem Kendaraan Listrik diluncurkan hari ini di di Jakarta. 

Kolaborasi BUMN dan swasta ini jadi l‚Ä¶",2022-02-22T15:49:13.000Z
40,1496150085142466575,"RT @Sangkuriang5551: JOKOWI PUNYA ANDIL BESAR DALAM KEBANGKITAN NEO PKI DENGAN MEMBERI JABATAN2 VITAL BAGI PENDUKUNG PKI.

Misal Iman Broto‚Ä¶",2022-02-22T15:49:12.000Z
41,1496150083272048640,RT @YusufNusantara1: @knpiharis @jokowi @ListyoSigitP ......knpa smpai urusan dgn penagih utang....pemuda dulu itu bonyookiin penjajah.. in‚Ä¶,2022-02-22T15:49:11.000Z
42,1496150081430597634,"RT @Sangkuriang5551: JOKOWI PUNYA ANDIL BESAR DALAM KEBANGKITAN NEO PKI DENGAN MEMBERI JABATAN2 VITAL BAGI PENDUKUNG PKI.

Misal Iman Broto‚Ä¶",2022-02-22T15:49:11.000Z
43,1496150081380229127,"@Eman97731071 https://t.co/5AGvMUGMg8 Tolongüôèbantu share&amp;Ret Agar TDK ada lagi korban:
PD saat Mengisi Data,Agenct @AXAIndonesia Menawarkan Tabungan jangka panjang:
Setelah 6thn saya bayar Premi,uang saya HILANG 70% Tolong saya PK @jokowi @KPK_RI @ojkindonesia @ListyoSigitP @DivHumas_Polri",2022-02-22T15:49:11.000Z
44,1496150070781440001,"RT @OposisiCerdas: Jokowi: Yang Senang Naik Mobil BBM Fosil Jangan Pindah ke Ibu Kota Baru
https://t.co/cuRydvpcjY",2022-02-22T15:49:08.000Z
45,1496150060761231360,"@wawan_pileq @KompasTV Lah yg punya oke oce skrg jadi mentrinya jokowi....

Piye tong....tong...

One one...otaknya jangan d tinggal biar argumennya ga muncrat k muka sendri",2022-02-22T15:49:06.000Z
46,1496150053886775299,@johhnnnnyyy @y2kl0v3 j-line sape anjir??? jokowi?,2022-02-22T15:49:04.000Z
47,1496150052599140352,"RT @TRIOKWEKKWEKkI2: @Sangkuriang5551 7 TAHUN JOKOWI PKI BANGKIT. 

@cobeh2021 
@trustnoone9999 
@Jamlean_Saleh
@Jangkrikgengg15
@DedetRend‚Ä¶",2022-02-22T15:49:04.000Z
48,1496150050011033607,"RT @And_Hongg: Suara anak-anak Kuasi Paroki Lowobangga, Welamosa, 
Kec. WEWARIA
KAB. ENDE - PROV. NTT.

YTH Pak Presiden @jokowi mohon aten‚Ä¶",2022-02-22T15:49:03.000Z
49,1496150048618708994,"Semangat membangun desa, melalui Rencana Pembelajaran Lampau Desa (RPL Desa).
Percaya desa bisa
@halimiskandarnu 
@taufikmadjid71 
@kemendespdtt 
@KabKampar 
@tppkemendes 
@jokowi https://t.co/eWfcOq3SBx",2022-02-22T15:49:03.000Z
50,1496150047838322704,"@CecepLagi https://t.co/5AGvMUGMg8 Tolongüôèbantu share&amp;Ret Agar TDK ada lagi korban:
PD saat Mengisi Data,Agenct @AXAIndonesia Menawarkan Tabungan jangka panjang:
Setelah 6thn saya bayar Premi,uang saya HILANG 70% Tolong saya PK @jokowi @KPK_RI @ojkindonesia @ListyoSigitP @TMCPoldaMetro",2022-02-22T15:49:03.000Z
52,1496150030759174152,"RT @abu_waras: Jokowi Ingin Indonesia Jadi Raja Produsen Kendaraan Listrik.
Netizen: Urusin Migor Dulu Sana Kasian Rakyat Sampai Antri, Nge‚Ä¶",2022-02-22T15:48:59.000Z
53,1496150030184558600,"RT @abu_waras: Jokowi Ingin Indonesia Jadi Raja Produsen Kendaraan Listrik.
Netizen: Urusin Migor Dulu Sana Kasian Rakyat Sampai Antri, Nge‚Ä¶",2022-02-22T15:48:58.000Z
54,1496150017559900161,"@knpiharis @jokowi @ListyoSigitP Nah ini sebelum kena musibah dan setelah kena musibah, minta bantuan pak Jokowi jugaü§≠ü§≠ü§≠",2022-02-22T15:48:55.000Z
55,1496150015764488194,"@RD_4WR1212 https://t.co/5AGvMUGMg8 Tolongüôèbantu share&amp;Ret Agar TDK ada lagi korban:
PD saat Mengisi Data,Agenct @AXAIndonesia Menawarkan Tabungan jangka panjang:
Setelah 6thn saya bayar Premi,uang saya HILANG 70% Tolong saya PK @jokowi @KPK_RI @ojkindonesia @ListyoSigitP @PKSejahtera",2022-02-22T15:48:55.000Z
56,1496150010097983493,"INI TIDAK SALAH PERSILAKAN SESEORANG DUDUK DI KURSI APAPUN SEBAB KURSI MEMANG UNTUK DIDUDUKI KECUALI DISURUH INJAK KURSI ITU BARU SALAH WKWKWK
https://t.co/DeDMZYke5F",2022-02-22T15:48:54.000Z
57,1496150009263570944,"RT @democrazymedia: Jokowi Umbar Janji Bangun IKN Nusantara Tanpa Merusak Hutan
https://t.co/dO6MumoS84",2022-02-22T15:48:53.000Z
58,1496150007380160521,@jokowi Halo pak gub @ridwankamil,2022-02-22T15:48:53.000Z
59,1496150006591795203,RT @RieGucciano: Pak @jokowi mana kartu sembako murah saya pak !!,2022-02-22T15:48:53.000Z
60,1496149984374366208,@4joyfulgiving @knpiharis @jokowi @ListyoSigitP Jadi ingat drama si ibu¬≤ itu,2022-02-22T15:48:48.000Z
61,1496149937536778242,"RT @knpiharis: Mereka di bayar untuk melakukan penganiayaan yang mengakibatkan diri saya hampir saja kehilangan nyawa, tolong pak @jokowi d‚Ä¶",2022-02-22T15:48:36.000Z
62,1496149936408350723,"RT @BinsarNixon__: Nopo tag Pak Jokowi, arep njalok bayar utang mu kah",2022-02-22T15:48:36.000Z
64,1496149917605187584,"RT @KyaiMblebes: @kemenhub151  @jokowi @KyaiMblebes @panca66 
Demo sopir truk dan pemilik truk odol di Prambanan Jokjakarta siang ini. http‚Ä¶",2022-02-22T15:48:32.000Z
65,1496149912438083585,RT @CNNIndonesia: Kepuasan Semu Terhadap Kinerja Jokowi https://t.co/cwi4DM4oJa,2022-02-22T15:48:30.000Z
66,1496149898479210506,RT @RamliRizal: Semoga masa lalu tidak berulang. Masa lalu seoenuhnya terjadi karena kelangkaan (scarcity) akibat pengeluaran jor2an dan ce‚Ä¶,2022-02-22T15:48:27.000Z
67,1496149890635816969,"RT @TeddGus: Para menentang Jokowi, mengaku Nasionalis dan cinta negeri ini. Tapi anehnya tidak berani menyatakan sikap menentang FPI, Hizb‚Ä¶",2022-02-22T15:48:25.000Z
68,1496149881983213572,"@demokrasicoid Rakyat antri minyak goreng, sampe klenger...pingsan ,elu malah bermimpi jd raja.

#copas
Jokowi Ingin Indonesia Jadi Raja Produsen Kendaraan Listrik https://t.co/Bcy0lgrADV",2022-02-22T15:48:23.000Z
69,1496149877142786062,"RT @HASapardan: Presiden Jokowi pilih setop Anies.
Sebagai gantinya Jokowi pilih ASN untuk jabat Gubernur DKI.

Dan....
Mulai malam ini kad‚Ä¶",2022-02-22T15:48:22.000Z
70,1496149870247301139,"RT @Paulus_willy: ""Sebuah gagasan besar pasti ada pro &amp; kontra.Ada yg setuju, ada yg tidak setuju. Tetapi dalam sistem politik kita jelas b‚Ä¶",2022-02-22T15:48:20.000Z
71,1496149868523491334,"RT @democrazymedia: Jangan Beraninya Cuma Sama Wahabi, Gus Nur Tantang Gus Miftah Sebut Jokowi Pendusta: Berani Gak?
https://t.co/v4KD9K8ezV",2022-02-22T15:48:20.000Z
72,1496149850244915201,"RT @OposisiCerdas: Haris Pertama: Pak Jokowi, Pak Kapolri Tolong Buka ke Publik Siapa yang Ingin Habisi Saya
https://t.co/6u8jejqcUg",2022-02-22T15:48:16.000Z
73,1496149846310506504,"RT @knpiharis: Mereka di bayar untuk melakukan penganiayaan yang mengakibatkan diri saya hampir saja kehilangan nyawa, tolong pak @jokowi d‚Ä¶",2022-02-22T15:48:15.000Z
74,1496149843706003459,"@inyongmanise @jokowi Kbangetan yak
Orang kayak gitu masih dijadiken narasumber

Sebetulnya yg dungu itu yg mana?",2022-02-22T15:48:14.000Z
75,1496149835908812801,"RT @And_Hongg: Suara anak-anak Kuasi Paroki Lowobangga, Welamosa, 
Kec. WEWARIA
KAB. ENDE - PROV. NTT.

YTH Pak Presiden @jokowi mohon aten‚Ä¶",2022-02-22T15:48:12.000Z
76,1496149823195688965,@BowoDoang__ @musniumar @jokowi gw temenin beh,2022-02-22T15:48:09.000Z
77,1496149821178236932,@jokowi @L3NT3R4_H4T1 Siapa tuh pak ? kepo nih üòÇ,2022-02-22T15:48:09.000Z
78,1496149811963342848,"RT @AnakLolina2: Media massa, oposisi &amp; pendukungnya adalah sumber penyakit &amp; kegaduhan di negeri ini.

Apapun yg terjadi di luar sana &amp; be‚Ä¶",2022-02-22T15:48:06.000Z
79,1496149809140490252,"RT @jumianto_RK: Presiden Jokowi mempersiapkan nama calon pejabat daerah tingkat 1 (gubernur) penganti 4nies

7 bulan lagi Wan Kibul jadi g‚Ä¶",2022-02-22T15:48:06.000Z
80,1496149804237398016,"RT @RD_4WR1212: Awal galak sampai ngetag Presiden Jokowi dan Kapolri, beberapa jam kemudian di rumah sakit Mayapada dengan alasan kondisi f‚Ä¶",2022-02-22T15:48:05.000Z
82,1496149797862055940,"Dari swkian banyak JAWABAN GA dr @ganjarpranowo ternyata NGGAK MAU KAOS sbg hadiahnya, malah BANYAK KRITIKAN üòÇüòÇ

Tim poles nggak up to date, COBA GA nya itu MINYAK GORENG, pasti yg ikut BEJIBUN kek emak2 antri MIGOR (walau itu MENAMPAR kinerja @jokowi
&amp; PDIP) https://t.co/7QeoDkQ11W",2022-02-22T15:48:03.000Z
83,1496149789645357063,@jokowi smngt bro,2022-02-22T15:48:01.000Z
84,1496149787737206784,"RT @Phonodude: Sepanjang tdk terbuka soal preferensi politik responden, survey tsb sampah. 

Pemilih Jokowi Maruf  aja cuma  55,5%, itupun‚Ä¶",2022-02-22T15:48:01.000Z
85,1496149784121733121,@boecharikarim @Othex6 @knpiharis @jokowi @ListyoSigitP Bikin bingung üòï‚ùì,2022-02-22T15:48:00.000Z
86,1496149768149794817,"RT @Julian303: @kompascom bacanya kebalikan ya gaess , ini rahasia
1. Saat survey keluar  ... berarti Popularitas jokowi sedang dibawah 30%‚Ä¶",2022-02-22T15:47:56.000Z
87,1496149745651585027,"@jokowi Terimakasih Bapak Presiden, jalan Tol sudah, Tol laut jalan, Ibu Kota Negara sudah dimulai, pemerataan pembangunan, harga BBM satu harga, dan banyak lagi yang sudah bapak berikan buat bangsa ini, buat rakyatmu, kritikan hujatan, Bapak jadikan booster untuk membangun negeri iniüôè",2022-02-22T15:47:51.000Z
88,1496149709769084951,"RT @jokowi: Ibu Kota Nusantara kelak akan menggagas konsep Smart Forest City dengan 70 persen kawasannya berupa area hijau. 

Pengelolaan t‚Ä¶",2022-02-22T15:47:42.000Z
89,1496149707156254720,RT @w_i_d_h_i: @gadtorade Internet kita ada di level 'paria' dibanding negara2 lain. Knp pengamat2 ICT gak berani speak up terkait hal ini?‚Ä¶,2022-02-22T15:47:41.000Z
90,1496149684527964161,"Klo gini berarti Presiden, DPR, dan pejabat lain dilarang menggunakan mobil di IKN baru

Mendingan sekalian jangan ada SPBU di IKN baru spy gak pada bawa kendaraan biar pada sehat

Jokowi: Yang Senang Naik Mobil BBM Fosil Jangan Pindah ke Ibu Kota Baru - https://t.co/rPGzYbUU0g",2022-02-22T15:47:36.000Z
91,1496149683575607305,"Para diaspora Indonesia diajak utk mendukung, menaikkan dan mempromosikan produk-produk unggulan Indonesia diluar negeri. Dukungan terhadap produk Indonesia merupakn salah satu langkah memperkenalkan produk buatan anak bangsa dipasar Internasional

Jokowi Gas Pol Buatan Indonesia https://t.co/RPMmM0YTy8",2022-02-22T15:47:36.000Z
92,1496149679440023561,"@zakaria_hmy @kemendespdtt https://t.co/5AGvMUGMg8 Tolongüôèbantu share&amp;Ret Agar TDK ada lagi korban:
PD saat Mengisi Data,Agenct @AXAIndonesia Menawarkan Tabungan jangka panjang:
Setelah 6thn saya bayar Premi,uang saya HILANG 70% Tolong saya PK @jokowi @KPK_RI @ojkindonesia @ListyoSigitP @TMCPoldaMetro",2022-02-22T15:47:35.000Z
94,1496149637790588933,"@nandspriatna2 https://t.co/5AGvMUGMg8 Tolongüôèbantu share&amp;Ret Agar TDK ada lagi korban:
PD saat Mengisi Data,Agenct @AXAIndonesia Menawarkan Tabungan jangka panjang:
Setelah 6thn saya bayar Premi,uang saya HILANG 70% Tolong saya PK @jokowi @KPK_RI @ojkindonesia @ListyoSigitP @PKSejahtera",2022-02-22T15:47:25.000Z
95,1496149578311401474,Kaesang aja sekalian mas @jokowi https://t.co/XjOqNJHo0s,2022-02-22T15:47:11.000Z
96,1496149577699049473,RT @KawanBaikKomodo: Presiden @Jokowi dikritik karena proyek alihfungsi  400 hektar hutan di puncak kota Labuan Bajo Flores untuk dijadikan‚Ä¶,2022-02-22T15:47:11.000Z
97,1496149557650288642,"RT @BossTemlen: jangan seneng dulu bray..
jokowi mau revisi permen JHT, karena hasil akhir revisi itu sendiri kita blm tau seperti apa jadi‚Ä¶",2022-02-22T15:47:06.000Z
98,1496149544614363136,RT @ORakyat4: @maspiyuaja Lalu tugas dan kewajiban TNI itu apa dung? @Puspen_TNI @tni_ad @jokowi @Fraksi_Gerindra @Fraksi_PAN @fraksigolkar‚Ä¶,2022-02-22T15:47:03.000Z
99,1496149539505508360,"RT @Rizmaya__: Kadrun gagal maning dengan Framing Rezim Jokowi otoriter, menggiring opini untuk menyudutkan pemerintah.

Kasiahn kalian dru‚Ä¶",2022-02-22T15:47:01.000Z
0,1496442669786341379,"RT @SantorinisSun: Aslinya orang akan semakin keliatan di ujung biasanyaüòÅ
https://t.co/3Tfk2L9s4V",2022-02-23T11:11:49.000Z
2,1496442662010114050,"RT @PointBroo: Keputusan P Jokowi slaku Presiden, RESMI  MENOLAK.. (17/2/2020) https://t.co/MEQSIH83oF",2022-02-23T11:11:47.000Z
3,1496442659505786884,"RT @Stevaniehuangg: Terima kasih sudah menjadi saksi untuk bang Munarman .. üôè 

 #Respect  https://t.co/l7r9ef1EY3",2022-02-23T11:11:47.000Z
4,1496442654762356739,"RT @asumsico: Menurut lo, siapa yang bakal dipilih presiden Jokowi sebagai kepala otorita Ibu Kota Baru? ü§îü§îü§î",2022-02-23T11:11:46.000Z
5,1496442654091284483,"RT @maspiyuaja: [BREAKING] Ketua 'Jokowi Mania' Jadi Saksi Meringankan: Munarman Bukan Teroris, Tudingan Munarman Teroris Keji dan Menyesat‚Ä¶",2022-02-23T11:11:45.000Z
6,1496442651637616640,"RT @GEMBUS_COY: Waduh yuung Yung...
Cc @eidosx @keepithink_crab @CutSarina5 @G336387 @puanmaharani_ri @DarsAlexandra1 @LaNyallaMM1 @m24hHar‚Ä¶",2022-02-23T11:11:45.000Z
7,1496442650681286664,Jokowi ga bisa kerja !!!,2022-02-23T11:11:45.000Z
8,1496442639688040450,@NFTbacofficial @jokowi @NajwaShihab @sandiuno Mantapss....,2022-02-23T11:11:42.000Z
9,1496442638203080707,"RT @djaritakirana: Terus kawal kasus duo terduga korupsi Gibran Kaesang anak Presiden Jokowi di KPK, Jangan sampai Kasusnya ikut menghilang‚Ä¶",2022-02-23T11:11:42.000Z
10,1496442633585311744,"RT @HarisRuslyMoti: Sobat. Muhaimin Iskandar Akan Usul ke Jokowi Agar Pemilu 2024 Ditunda. ""Saya usulkan Pemilu 2024 ditunda satu atau dua‚Ä¶",2022-02-23T11:11:41.000Z
11,1496442624261373952,@NFTbacofficial @jokowi @NajwaShihab @sandiuno Karya  anak  bangsa,2022-02-23T11:11:38.000Z
12,1496442612563456000,"Menurut Menkominfo Johnny Plate, sejak tahun 2020, banyak negara menerapkan kebijakan stimulus fiskal sehingga mengakibatkan perekonomian di tingkat global mengalami akselerasi pertumbuhan di tahun 2021

https://t.co/3X0z2G3oHv @jokowi",2022-02-23T11:11:36.000Z
14,1496442608805363714,@jokowi Lantik doank.... Tapi perut rakyat yg kekurangan pangan makin banyak,2022-02-23T11:11:35.000Z
15,1496442601532432384,"RT @abu_waras: Jokowi Ingin Indonesia Jadi Raja Produsen Kendaraan Listrik.
Netizen: Urusin Migor Dulu Sana Kasian Rakyat Sampai Antri, Nge‚Ä¶",2022-02-23T11:11:33.000Z
16,1496442601415016449,"RT @sukmajati_id: Kalau program gagal itu program Pak Jokowi.
Kalau program berhasil itu program anies.

Iya kan drun..",2022-02-23T11:11:33.000Z
17,1496442599988932608,"Sobat. Muhaimin Iskandar Akan Usul ke Jokowi Agar Pemilu 2024 Ditunda. ""Saya usulkan Pemilu 2024 ditunda satu atau dua tahun. Usulan ini nanti akan saya sampaikan ke pimpinan-pimpinan partai &amp; presiden"". Kabarnya Ketum PAN juga sudah didekati untuk buat pernyataan serupa? hahahae https://t.co/IpYuR9rXhP",2022-02-23T11:11:33.000Z
18,1496442596369235973,@knpiharis @jokowi @ListyoSigitP Ada apa Jokowi ngurus anda ??,2022-02-23T11:11:32.000Z
19,1496442579776581632,@Helmi_Felis @jokowi Klo doain Jokowi cepet mati blh ga ya ?? Udah cape liat kelakuannya üò†üò†,2022-02-23T11:11:28.000Z
20,1496442573422198785,"RT @djaritakirana: Terus kawal kasus duo terduga korupsi Gibran Kaesang anak Presiden Jokowi di KPK, Jangan sampai Kasusnya ikut menghilang‚Ä¶",2022-02-23T11:11:26.000Z
21,1496442564068917249,RT @LurahIstana: Masa jabatan SBY selesai presiden selanjut nya belum tentu mau melanjutkan proyek di era SBY.sedangkan proyek di era jokow‚Ä¶,2022-02-23T11:11:24.000Z
22,1496442560277270530,"RT @OposisiCerdas: Soroti Kinerja Jokowi, Rizal Ramli: Mundur, Jangan Bikin Rakyat Lebih Sengsara
https://t.co/Uw2qMKQ04D",2022-02-23T11:11:23.000Z
23,1496442558545018883,"RT @terkembang_4817: Jadi Saksi Meringankan di Persidangan, Immanuel Ebenezer Ketua Jokowi Mania: Munarman Bukan Teroris! Dia Bantu Gereja‚Ä¶",2022-02-23T11:11:23.000Z
24,1496442556531757056,"@knpiharis @jokowi @ListyoSigitP Aduh .. koq ga jadi kehilangan nyawa kalo emang awalnya mrk berniat membunuh mu? 
Harusnya sih ga susah tuk menghilangkan nyawamu kalo emang niat mereka dari awal adalah menghilangkan nyawa mu. PIKIR!!",2022-02-23T11:11:22.000Z
25,1496442550265479173,"RT @dennysirregar7: Enak aja sama2kan @jokowi dgn Munarman. 

Oi, Noel. Pak @jokowi itu bukan teroris !

https://t.co/nL6Zcng4Wh",2022-02-23T11:11:21.000Z
26,1496442539930529792,"RT @A1ki4_ku5: @jokowi Min...ini yg realita trjadi di dalam negri..jgn malu2 in Pk. Jkw dunk..ngangkt news bgitu...ini aja neh yg di up, gm‚Ä¶",2022-02-23T11:11:18.000Z
28,1496442521849036800,Please pak @jokowi kembalikan harga kedelai dan minyak goreng. https://t.co/mt8KQqL1al,2022-02-23T11:11:14.000Z
29,1496442493990313986,"@dennysirregar7 Coba dicek imbalannya apa?
Apa si eben ngomong gitu lalu munarman mau jd relawan jokowi? ü§£ü§£ü§£",2022-02-23T11:11:07.000Z
31,1496442482501980161,"Calon Pimpinan IKN Segera Dilantik Jokowi, Berasal Dari Non Partai https://t.co/RfhHEd5tgS",2022-02-23T11:11:05.000Z
32,1496442469591957504,"Prosesi adat Batak turut menyambut kehadiran Presiden Joko Widodo dalam kunjungan kerja di Provinsi Sumatera Utara, pada Rabu, 2 Februari 2022. Salah satunya, saat Presiden @jokowi hendak menyeberang dari Pelabuhan Ajibata, Kabupaten Toba, ke Pelabuhan Ambarita, Kab. Samosir. https://t.co/C7FtUPBWZU",2022-02-23T11:11:01.000Z
33,1496442451933945859,"Bersaksi di Sidang Kasus Terorisme, Ketua JoMan Sebut Munarman dan Jokowi Sebagai Korban¬†Fitnah https://t.co/aCX8ITNQiv",2022-02-23T11:10:57.000Z
34,1496442449572818944,"RT @dennysirregar7: Mau muntah gua... 

https://t.co/UonFT0FRar",2022-02-23T11:10:57.000Z
35,1496442448692023298,"RT @Stevaniehuangg: Terima kasih sudah menjadi saksi untuk bang Munarman .. üôè 

 #Respect  https://t.co/l7r9ef1EY3",2022-02-23T11:10:56.000Z
36,1496442447077036032,"RT @mulanbilqis: BUMN HADIR JADI SOLUSI KELANGKAAN MINYAK GORENG
-
Sesuai arahan Presiden Jokowi, Kementerian BUMN melalui PTPN turun langs‚Ä¶",2022-02-23T11:10:56.000Z
37,1496442441389740032,"3 perahu nelayan tradisional tidak bisa mencari nafka gara"" di tangkap pol air labuan bajo 
Sedangkan mereka hanya nelayan kecil yg mencari sesuap nasi untuk bertahan bukan untuk memperkaya diri 
@jokowi 
@Menlu_RI 
@DivHumas_Polri 
@PolhukamRI https://t.co/BWxAC5J2dS",2022-02-23T11:10:55.000Z
38,1496442440852848644,@RamliRizal @kamekpalala @kompascom @detikcom Kalau ingin hasil survey riil publik terhadap tingkat kepuasan terhadap kinerja jokowi simak saja koment yg berseliweran di akun twitter @jokowi ..,2022-02-23T11:10:55.000Z
39,1496442437149118464,@dennysirregar7 Dia lagi nyari pwrhatian jokowi..tetiba jd meringankan munarboy ?. Waspada !!,2022-02-23T11:10:54.000Z
40,1496442429528248322,@IntanKarmila14 @Vivittts @SoundOfYogi @basuki_btp @jokowi Bang minum dulu bang..,2022-02-23T11:10:52.000Z
41,1496442424671219712,RT @CNNIndonesia: Kepuasan Semu Terhadap Kinerja Jokowi https://t.co/cwi4DM4oJa,2022-02-23T11:10:51.000Z
42,1496442424100810755,"RT @ChusnulCh__: Waktu Anies jalankan program sumur resapan di DKI dan ternyata amburadul dan byk yg kritik, buzzer Anies teriak sumur resa‚Ä¶",2022-02-23T11:10:51.000Z
43,1496442423282900996,"Menkominfo Johnny Plate menjabarkan secara umum perekonomian dunia memang perlahan mulai pulih dari krisis akibat pandemi Covid-19

https://t.co/N6f0spmX6C @jokowi",2022-02-23T11:10:50.000Z
44,1496442417851027456,"RT @seruanhl: Menjalankan arahan dari Presiden Joko Widodo, Menteri BUMN Erick Thohir meluncurkan 1,2 juta liter minyak goreng untuk operas‚Ä¶",2022-02-23T11:10:49.000Z
45,1496442410192171014,"RT @OposisiCerdas: Jokowi Perintahkan Revisi Aturan JHT, Hotman Paris: Waktunya Ibu Menaker Mundur
https://t.co/8smOnV7J2B",2022-02-23T11:10:47.000Z
46,1496442408472842241,"RT @OposisiCerdas: Kepuasan Terhadap Jokowi-Ma'ruf Disebut Meningkat, Demokrat: Jangan Terjebak, Urus Minyak Goreng Saja Tak Beres
https://‚Ä¶",2022-02-23T11:10:47.000Z
47,1496442402974081026,"RT @democrazymedia: Ekonom Senior ke Jokowi: Mundur Mas, Rakyat Sudah Sengsara!
https://t.co/zKhz92S8B0",2022-02-23T11:10:46.000Z
48,1496442402244120578,"@Mardanputranya Terserah pak Jokowi .... para pendukung beliau kayak blm ada yg keberatan, Basuki TP ttp di pertamina biar ditebang birokrasi hingga pendapatan trs naik.",2022-02-23T11:10:45.000Z
49,1496442399819800578,"Presiden Jokowi menyatakan komitmen pemerintah untuk melakukan transisi energi menuju energi baru terbarukan (EBT).
Hal ini ditandai dg peluncuran ekosistem kendaraan listrik.
@kemkominfo
@PlateJohnny

https://t.co/Rh2GFwxBTx",2022-02-23T11:10:45.000Z
52,1496442379485675520,"RT @knpiharis: Koordinator yang bernama SS tidak mengenal diri saya, para pelaku eksekutor juga tidak mengenal diri saya. Tapi mereka tahu‚Ä¶",2022-02-23T11:10:40.000Z
53,1496442379284496386,"RT @kurawa: Sekilas kisah si kupret ini :

2016 : BATMAN = BTP Mania
2019 : JOMAN = jokowi Mania
2021 : KOMAN = Komisaris Mania

2022 : MUN‚Ä¶",2022-02-23T11:10:40.000Z
54,1496442364575031298,"RT @Helmi_Felis: Bagaimana kalo besok malam (malam Jum'at)

Kita semua shalat Magrib di Masjid dan berdoa agar @jokowi lengser?

Agar negri‚Ä¶",2022-02-23T11:10:36.000Z
55,1496442362566160393,@jokowi nek kejadiane kyo ngene ki piye pak? https://t.co/2bg7DudWiM,2022-02-23T11:10:36.000Z
56,1496442362390020098,"@ojkindonesia investor n trader paham ttg risiko..bagus OJK terus ingatkan risiko kpd warga asal jangan ngebanned teknologi massal!
cc @kemkominfo @bank_indonesia @PerekonomianRI @kemenkomarves @PolhukamRI @mohmahfudmd @puanmaharani_ri @jokowi @Tokocrypto @indodax  
https://t.co/hD8Ye6e8FA",2022-02-23T11:10:36.000Z
57,1496442360238125058,"Yakin Munarman Bukan Teroris, Ketua Joman: Sampai Detik Ini Presiden Gak Berubah, Tetap Presiden Jokowi yang Saya¬†Dukung https://t.co/PA2LuAtKle",2022-02-23T11:10:35.000Z
58,1496442357730115589,"@jokowi Repot"" buat ibu kota baru sementara hutang menumpuk &amp; rakyat makin lemah ekonominya",2022-02-23T11:10:35.000Z
59,1496442340193484804,RT @detikcom: Wakil Ketua DPR RI Abdul Muhaimin Iskandar atau Cak Imin mengusulkan gelaran pemilu 2024 diundur. Cak Imin akan menemui para‚Ä¶,2022-02-23T11:10:31.000Z
60,1496442338956410883,"@ElHakm8 @alfonsusgollu @Hayuningrat7 @mohmahfudmd @ListyoSigitP @jokowi @Puspen_TNI @YaqutCQoumas Ini dia paham üëåüèª karena di situ yang dibahas konteks menghafal maka bahas masalah menghafal, saya hanya reply sesuai konteks kok üòÅ",2022-02-23T11:10:30.000Z
61,1496442337295466498,"RT @OposisiCerdas: Jokowi Perintahkan Revisi Aturan JHT, Hotman Paris: Waktunya Ibu Menaker Mundur
https://t.co/8smOnV7J2B",2022-02-23T11:10:30.000Z
62,1496442328286138370,"RT @PointBroo: Keputusan P Jokowi slaku Presiden, RESMI  MENOLAK.. (17/2/2020) https://t.co/MEQSIH83oF",2022-02-23T11:10:28.000Z
63,1496442310116405252,@Helmi_Felis @jokowi siaaaapppp,2022-02-23T11:10:23.000Z
64,1496442305364242433,"RT @OposisiCerdas: Jokowi Bengong Lihat Kantor Baru NasDem: Lebih Bagus dari Kantor Partai Komunis China
https://t.co/mP8Hlhw0wQ",2022-02-23T11:10:22.000Z
65,1496442294400073732,RT @BiLLRaY2019: Presiden Jokowi mengapresiasi perusahaan-perusahaan dalam negeri yang turut serta membangun ekosistem kendaraan listrik di‚Ä¶,2022-02-23T11:10:20.000Z
66,1496442279724486657,"RT @OposisiCerdas: Jokowi Minta Menaker Revisi Aturan JHT, Rocky Gerung: Negara Ada Kepala, Tapi Kepala Tidak Ada Isinya
https://t.co/XytgF‚Ä¶",2022-02-23T11:10:16.000Z
67,1496442277153193985,@oktapiak__ Minta pak jokowi,2022-02-23T11:10:16.000Z
68,1496442263458967553,"RT @geloraco: Siapapun Kaget, Rakyat di Bawah Susah Tapi Tingkat Kepuasan pada Jokowi Tinggi
https://t.co/2dtrQjsAxC",2022-02-23T11:10:12.000Z
69,1496442262892736516,RT @P3nj3l4j4h_id: Terima Kasih pak @jokowi berkat pembangunan infrastrukur yg masiv di penjuru indonesia akhirnya @msaid_didu bisa narsis‚Ä¶,2022-02-23T11:10:12.000Z
70,1496442249684852736,"RT @OposisiCerdas: Jokowi Bengong Lihat Kantor Baru NasDem: Lebih Bagus dari Kantor Partai Komunis China
https://t.co/mP8Hlhw0wQ",2022-02-23T11:10:09.000Z
71,1496442245817729029,"RT @jokowi: Kolaborasi Pengembangan Ekosistem Kendaraan Listrik diluncurkan hari ini di di Jakarta. 

Kolaborasi BUMN dan swasta ini jadi l‚Ä¶",2022-02-23T11:10:08.000Z
72,1496442236636176389,"RT @dennysirregar7: Mau muntah gua... 

https://t.co/UonFT0FRar",2022-02-23T11:10:06.000Z
73,1496442233213501441,"Betul itu pak, harus adil. Masa rakyat Tiongkok mulu yg dibantu.... gantian dong. 
Anda ini lebih cocok jd sekjen PBB koq.....mulia kali hati bapak. 
Bismillah komisaris. üòå https://t.co/LPVbaTLlvK",2022-02-23T11:10:05.000Z
74,1496442232123301892,@ilhamkhoiri @hariankompas @yunartowijaya @muchlis_ar @emerson_yuntho @BiLLYKHAERUDIN Iya kalau bisa sepadan @Jokowi....agar Indonesia bisa Cepat maju n makmur Rakyat kecil x.......,2022-02-23T11:10:05.000Z
75,1496442229313142787,RT @republikaonline: Kepala daerah dinilai trauma karena marahnya Risma dipolitisasi. https://t.co/2DUBgHwZw2,2022-02-23T11:10:04.000Z
76,1496442226591014912,"RT @democrazymedia: Ekonom Senior ke Jokowi: Mundur Mas, Rakyat Sudah Sengsara!
https://t.co/zKhz92S8B0",2022-02-23T11:10:04.000Z
77,1496442224519028742,"RT @dennysirregar7: Mau muntah gua... 

https://t.co/UonFT0FRar",2022-02-23T11:10:03.000Z
78,1496442219347460099,RT @Paltiwest: Kinerja Jokowi Joss üëç https://t.co/LUWn4TGa5K,2022-02-23T11:10:02.000Z
79,1496442216705060866,"Dulu ada bilang digebukin rezim,
Nyatanya oplas.
Sekarang ada lgi bilang digebukin rezim, nyatanya digebukin depcolector.

Ternyata lawan Jokowi itu para penipu. https://t.co/1ROVfHmnDu",2022-02-23T11:10:01.000Z
80,1496442213752270854,Pripun niki Ndoro @ganjarpranowo ? @jokowi @erickthohir @bahlillahadalia @ArifinTasrif @ListyoSigitP @KPK_RI @firlibahuri https://t.co/TwYEHPmdmc https://t.co/BV1gCvRqrr https://t.co/PhdeHSzO0n,2022-02-23T11:10:00.000Z
81,1496442204470276099,"RT @democrazymedia: Habib Bahar Smith: Setan Saja Saya Makan, Apalagi Cuma Jokowi Sama Luhut!
https://t.co/HeEEmzfDAa",2022-02-23T11:09:58.000Z
82,1496442196555358209,"RT @PointBroo: Keputusan P Jokowi slaku Presiden, RESMI  MENOLAK.. (17/2/2020) https://t.co/MEQSIH83oF",2022-02-23T11:09:56.000Z
83,1496442196337340419,"RT @knpiharis: Mereka di bayar untuk melakukan penganiayaan yang mengakibatkan diri saya hampir saja kehilangan nyawa, tolong pak @jokowi d‚Ä¶",2022-02-23T11:09:56.000Z
84,1496442185880940552,"@jokowi Pak ,mohon  jgn jauh jauh Pak , rakyat Indonesia dululah diurusi, minyak goreng ,kedelai dan JHT .",2022-02-23T11:09:54.000Z
85,1496442180549939201,"RT @MrsRachelIn: Yang ga setuju ga perlu emosi,  mau nyagub lagi bisa bertarung 2024. 

Jokowi Mulai Pilih ASN Pengganti Anies Jabat Gubern‚Ä¶",2022-02-23T11:09:53.000Z
86,1496442174611013632,"RT @djaritakirana: Terus kawal kasus duo terduga korupsi Gibran Kaesang anak Presiden Jokowi di KPK, Jangan sampai Kasusnya ikut menghilang‚Ä¶",2022-02-23T11:09:51.000Z
87,1496442172375191552,"RT @hasmibakhtiar: Di Saudi, beberapa ulama di Hai‚Äôah Kibar mulai meninggalkan fatwa syaikh Bin Baz dan syaikh Utsaimin terkait haramnya ba‚Ä¶",2022-02-23T11:09:51.000Z
89,1496442158571741185,Presiden @jokowi: Pembangunan IKN Usung Konsep Ramah Lingkungan https://t.co/YewMzOkjCv https://t.co/dKMJB73DH7,2022-02-23T11:09:47.000Z
90,1496442158391623682,@dennysirregar7 @jokowi Busuk ternyata...,2022-02-23T11:09:47.000Z
91,1496442156030230528,RT @Darmara02177184: @januar_malki @KangUtang04 @Freedomland414l @Tya_Kalimantan @TeRanie_ @54rwo_00 @MEffendi03 @Pedagangsukses1 @byan145‚Ä¶,2022-02-23T11:09:47.000Z
92,1496442152108556292,"Otok nya hanya duit. duit dr rakyat biar pun rakyat sedang menderita.
selalu ngejain rakyat. Nyedot duit rakyat. Sdh jd duit di maling rame2. 
Sadarkan sekarang kas negara kosong. Disamping utang menggunung.
https://t.co/qaok8zRCyu",2022-02-23T11:09:46.000Z
94,1496442144613335045,"@Giring_Ganesha @jokowi Jilat trs... Biar jd menteri gtu? Ngimpi.... 
Minyak goreng n kedelai tuh tanyain...",2022-02-23T11:09:44.000Z
95,1496442136132452360,"RT @CNNIndonesia: ""Kalau publik enggak ribut, ya kebijakannya terus. Kalau publik ribut, kritik, Pak Jokowi tampil sebagai hero (pahlawan).‚Ä¶",2022-02-23T11:09:42.000Z
96,1496442134698020865,"RT @djaritakirana: Terus kawal kasus duo terduga korupsi Gibran Kaesang anak Presiden Jokowi di KPK, Jangan sampai Kasusnya ikut menghilang‚Ä¶",2022-02-23T11:09:42.000Z
97,1496442132844134404,"RT @OposisiCerdas: Soroti Kinerja Jokowi, Rizal Ramli: Mundur, Jangan Bikin Rakyat Lebih Sengsara
https://t.co/Uw2qMKQ04D",2022-02-23T11:09:41.000Z
98,1496442127999733766,"RT @dennysirregar7: Mau muntah gua... 

https://t.co/UonFT0FRar",2022-02-23T11:09:40.000Z
99,1496442120005369859,"RT @nafikulla: @jokowi betul pak, msyrkat yg kesusahan cari minyak goreng gak usah dibantu https://t.co/84XpcQTg25",2022-02-23T11:09:38.000Z
